{
    "all_tr_losses": "[]",
    "all_val_eval_metrics": "[]",
    "all_val_losses": "[]",
    "all_val_losses_tr_mode": "[]",
    "also_val_in_tr_mode": "False",
    "amp_initialized": "False",
    "base_num_features": "32",
    "basic_generator_patch_size": "[249 249 249]",
    "batch_dice": "False",
    "batch_size": "5",
    "best_MA_tr_loss_for_patience": "None",
    "best_epoch_based_on_MA_tr_loss": "None",
    "best_val_eval_criterion_MA": "None",
    "classes": "[1, 2, 3]",
    "conv_per_stage": "2",
    "data_aug_params": "{'selected_data_channels': None, 'selected_seg_channels': [0], 'do_elastic': True, 'elastic_deform_alpha': (0.0, 900.0), 'elastic_deform_sigma': (9.0, 13.0), 'p_eldef': 0.3, 'do_scaling': True, 'scale_range': (0.65, 1.6), 'independent_scale_factor_for_each_axis': True, 'p_independent_scale_per_axis': 0.3, 'p_scale': 0.3, 'do_rotation': True, 'rotation_x': (-0.5235987755982988, 0.5235987755982988), 'rotation_y': (-0.5235987755982988, 0.5235987755982988), 'rotation_z': (-0.5235987755982988, 0.5235987755982988), 'rotation_p_per_axis': 1, 'p_rot': 0.3, 'random_crop': False, 'random_crop_dist_to_border': None, 'do_gamma': True, 'gamma_retain_stats': True, 'gamma_range': (0.5, 1.6), 'p_gamma': 0.3, 'do_mirror': True, 'mirror_axes': (0, 1, 2), 'dummy_2D': False, 'mask_was_used_for_normalization': OrderedDict([(0, True), (1, True), (2, True), (3, True)]), 'border_mode_data': 'constant', 'all_segmentation_labels': None, 'move_last_seg_chanel_to_data': False, 'cascade_do_cascade_augmentations': False, 'cascade_random_binary_transform_p': 0.4, 'cascade_random_binary_transform_p_per_label': 1, 'cascade_random_binary_transform_size': (1, 8), 'cascade_remove_conn_comp_p': 0.2, 'cascade_remove_conn_comp_max_size_percent_threshold': 0.15, 'cascade_remove_conn_comp_fill_with_other_class_p': 0.0, 'do_additive_brightness': True, 'additive_brightness_p_per_sample': 0.3, 'additive_brightness_p_per_channel': 1, 'additive_brightness_mu': 0, 'additive_brightness_sigma': 0.2, 'num_threads': 24, 'num_cached_per_thread': 4, 'patch_size_for_spatialtransform': array([128, 128, 128]), 'eldef_deformation_scale': (0, 0.25)}",
    "dataset_directory": "/pure-data/e230/data_fabian/nnUNet_preprocessed/Task082_BraTS2020",
    "deep_supervision_scales": "[[1, 1, 1], [0.5, 0.5, 0.5], [0.25, 0.25, 0.25], [0.125, 0.125, 0.125], [0.0625, 0.0625, 0.0625]]",
    "deterministic": "False",
    "dl_tr": "<nnunet.training.dataloading.dataset_loading.DataLoader3D object at 0x2b6fa4e49040>",
    "dl_val": "<nnunet.training.dataloading.dataset_loading.DataLoader3D object at 0x2b6fa4e49070>",
    "do_dummy_2D_aug": "False",
    "ds_loss_weights": "[0.53333333 0.26666667 0.13333333 0.06666667 0.        ]",
    "epoch": "0",
    "experiment_name": "nnUNetTrainerV2BraTSRegions_DA3_BN_BD",
    "fold": "1",
    "folder_with_preprocessed_data": "/pure-data/e230/data_fabian/nnUNet_preprocessed/Task082_BraTS2020/nnUNetData_plans_v2.1_stage0",
    "fp16": "True",
    "gt_niftis_folder": "/pure-data/e230/data_fabian/nnUNet_preprocessed/Task082_BraTS2020/gt_segmentations",
    "inference_pad_border_mode": "constant",
    "inference_pad_kwargs": "{'constant_values': 0}",
    "init_args": "('/pure-data/e230/data_fabian/nnUNet_preprocessed/Task082_BraTS2020/nnUNetPlansv2.1_bs5_plans_3D.pkl', 1, '/datasets/datasets_fabian/results/nnUNet/3d_fullres/Task082_BraTS2020/nnUNetTrainerV2BraTSRegions_DA3_BN_BD__nnUNetPlansv2.1_bs5', '/pure-data/e230/data_fabian/nnUNet_preprocessed/Task082_BraTS2020', False, 0, True, False, True)",
    "initial_lr": "0.01",
    "log_file": "/datasets/datasets_fabian/results/nnUNet/3d_fullres/Task082_BraTS2020/nnUNetTrainerV2BraTSRegions_DA3_BN_BD__nnUNetPlansv2.1_bs5/fold_1/training_log_2020_8_27_10_54_53.txt",
    "lr_scheduler": "None",
    "lr_scheduler_eps": "0.001",
    "lr_scheduler_patience": "30",
    "lr_threshold": "1e-06",
    "max_num_epochs": "1000",
    "min_region_size_per_class": "None",
    "min_size_per_class": "None",
    "net_conv_kernel_sizes": "[[3, 3, 3], [3, 3, 3], [3, 3, 3], [3, 3, 3], [3, 3, 3], [3, 3, 3]]",
    "net_num_pool_op_kernel_sizes": "[[2, 2, 2], [2, 2, 2], [2, 2, 2], [2, 2, 2], [2, 2, 2]]",
    "net_pool_per_axis": "[5, 5, 5]",
    "normalization_schemes": "OrderedDict([(0, 'nonCT'), (1, 'nonCT'), (2, 'nonCT'), (3, 'nonCT')])",
    "num_batches_per_epoch": "250",
    "num_classes": "3",
    "num_input_channels": "4",
    "num_val_batches_per_epoch": "50",
    "online_eval_fn": "[]",
    "online_eval_foreground_dc": "[]",
    "online_eval_fp": "[]",
    "online_eval_tp": "[]",
    "only_keep_largest_connected_component": "None",
    "optimizer": "SGD (\nParameter Group 0\n    dampening: 0\n    lr: 0.01\n    momentum: 0.99\n    nesterov: True\n    weight_decay: 3e-05\n)",
    "output_folder": "/datasets/datasets_fabian/results/nnUNet/3d_fullres/Task082_BraTS2020/nnUNetTrainerV2BraTSRegions_DA3_BN_BD__nnUNetPlansv2.1_bs5/fold_1",
    "output_folder_base": "/datasets/datasets_fabian/results/nnUNet/3d_fullres/Task082_BraTS2020/nnUNetTrainerV2BraTSRegions_DA3_BN_BD__nnUNetPlansv2.1_bs5",
    "oversample_foreground_percent": "0.33",
    "pad_all_sides": "None",
    "patch_size": "[128 128 128]",
    "patience": "50",
    "pin_memory": "True",
    "plans_file": "/pure-data/e230/data_fabian/nnUNet_preprocessed/Task082_BraTS2020/nnUNetPlansv2.1_bs5_plans_3D.pkl",
    "regions": "{'whole tumor': (1, 2, 3), 'tumor core': (2, 3), 'enhancing tumor': (3,)}",
    "regions_class_order": "(1, 2, 3)",
    "save_every": "50",
    "save_latest_only": "True",
    "stage": "0",
    "threeD": "True",
    "tr_gen": "<batchgenerators.dataloading.multi_threaded_augmenter.MultiThreadedAugmenter object at 0x2b6fa506c460>",
    "train_loss_MA": "None",
    "train_loss_MA_alpha": "0.93",
    "train_loss_MA_eps": "0.0005",
    "transpose_backward": "[0, 1, 2]",
    "transpose_forward": "[0, 1, 2]",
    "unpack_data": "True",
    "use_mask_for_norm": "OrderedDict([(0, True), (1, True), (2, True), (3, True)])",
    "use_progress_bar": "False",
    "val_eval_criterion_MA": "None",
    "val_eval_criterion_alpha": "0.9",
    "val_gen": "<batchgenerators.dataloading.multi_threaded_augmenter.MultiThreadedAugmenter object at 0x2b6fa506cb80>",
    "was_initialized": "True",
    "weight_decay": "3e-05"
}